{"name":"bee47812-237d-46cb-b333-61d37784f813","id":"/providers/Microsoft.Flow/flows/bee47812-237d-46cb-b333-61d37784f813","type":"Microsoft.Flow/flows","properties":{"apiId":"/providers/Microsoft.PowerApps/apis/shared_logicflows","displayName":"SPEP","definition":{"metadata":{"workflowEntityId":null,"flowclientsuspensionreason":"None","flowclientsuspensiontime":null,"creator":{"id":"55edaa90-dead-46b7-b9a3-012ee25134d9","type":"User","tenantId":"9780af95-09cb-4f16-b2d5-735e2c0214d6"},"provisioningMethod":"FromDefinition","failureAlertSubscription":true,"clientLastModifiedTime":"2020-12-30T21:50:00.7414508Z"},"$schema":"https://schema.management.azure.com/providers/Microsoft.Logic/schemas/2016-06-01/workflowdefinition.json#","contentVersion":"1.0.0.0","parameters":{"$authentication":{"defaultValue":{},"type":"SecureObject"}},"triggers":{"manual":{"type":"Request","kind":"Http","inputs":{"schema":{"type":"object","properties":{"Title":{"type":"string"},"Description":{"type":"string"}}}}}},"actions":{"HTTP":{"runAfter":{"Parse_JSON":["Succeeded"]},"type":"Http","inputs":{"method":"POST","uri":"https://ambicakrupa.sharepoint.com/sites/SPFxEP/_api/web/lists/GetByTitle('SPEP')/items","headers":{"Authorization":"Bearer @{body('Parse_JSON')?['access_token']}","Accept":"application/json;odata=verbose","content-type":"application/json;odata=verbose","X-HTTP-Method":"POST"},"body":{"__metadata":{"type":"SP.Data.SPEPListItem"},"Title":"@triggerBody()?['Title']","Description":"@triggerBody()?['Description']"}}},"Parse_JSON":{"runAfter":{"HTTP:_Fetch_Access_Token":["Succeeded"]},"type":"ParseJson","inputs":{"content":"@body('HTTP:_Fetch_Access_Token')","schema":{"type":"object","properties":{"token_type":{"type":"string"},"expires_in":{"type":"string"},"not_before":{"type":"string"},"expires_on":{"type":"string"},"resource":{"type":"string"},"access_token":{"type":"string"}}}}},"Response":{"runAfter":{"HTTP":["Succeeded"]},"type":"Response","kind":"Http","inputs":{"statusCode":200,"body":"@outputs('HTTP')['statusCode']"}},"HTTP:_Fetch_Access_Token":{"runAfter":{},"type":"Http","inputs":{"method":"POST","uri":"https://accounts.accesscontrol.windows.net/9780af95-09cb-4f16-b2d5-735e2c0214d6/tokens/oauth/2","headers":{"Content-Type":"application/x-www-form-urlencoded"},"body":"Grant_type=client_credentials&client_id=7f3ad47e-f197-4780-bfef-3595fe5facde@9780af95-09cb-4f16-b2d5-735e2c0214d6&client_secret=yU8ATCq9T%2BB7wyaLNVm7xYpx86KrTAGKCAUMxcizXzs=&resource=00000003-0000-0ff1-ce00-000000000000/ambicakrupa.sharepoint.com@9780af95-09cb-4f16-b2d5-735e2c0214d6"}}},"outputs":{}},"connectionReferences":{},"flowFailureAlertSubscribed":false}}